{
    "root_group": {
        "id": "d41d8cd98f00b204e9800998ecf8427e",
        "groups": {},
        "checks": {
                "status is 200": {
                    "path": "::status is 200",
                    "id": "6210a8cd14cd70477eba5c5e4cb3fb5f",
                    "passes": 302,
                    "fails": 6,
                    "name": "status is 200"
                }
            },
        "name": "",
        "path": ""
    },
    "metrics": {
        "http_req_failed": {
            "fails": 302,
            "passes": 6,
            "value": 0.01948051948051948
        },
        "iteration_duration": {
            "avg": 1099.2591463214287,
            "min": 1084.820895,
            "med": 1090.9460530000001,
            "max": 1290.0954,
            "p(90)": 1101.4321021,
            "p(95)": 1114.4229801000001
        },
        "http_req_duration": {
            "p(95)": 95.3121061,
            "avg": 90.30844613961034,
            "min": 83.843625,
            "med": 89.365791,
            "max": 179.23214,
            "p(90)": 93.07298560000001
        },
        "http_req_duration{expected_response:true}": {
            "avg": 90.33995469536417,
            "min": 84.426664,
            "med": 89.4945635,
            "max": 179.23214,
            "p(90)": 93.05922140000001,
            "p(95)": 95.1311099
        },
        "http_req_blocked": {
            "avg": 6.719422892857141,
            "min": 0.001833,
            "med": 0.0041325,
            "max": 195.227246,
            "p(90)": 0.007703000000000002,
            "p(95)": 0.0189215
        },
        "data_sent": {
            "count": 36036,
            "rate": 1162.4157117314662
        },
        "vus_max": {
            "value": 11,
            "min": 11,
            "max": 11
        },
        "data_received": {
            "count": 3504399,
            "rate": 113041.63774492282
        },
        "http_req_sending": {
            "p(95)": 0.037922799999999854,
            "avg": 0.017399064935064927,
            "min": 0.00511,
            "med": 0.012073,
            "max": 0.263582,
            "p(90)": 0.026683000000000002
        },
        "iterations": {
            "rate": 9.935177023345865,
            "count": 308
        },
        "vus": {
            "value": 1,
            "min": 1,
            "max": 11
        },
        "http_reqs": {
            "count": 308,
            "rate": 9.935177023345865
        },
        "checks": {
            "fails": 6,
            "passes": 302,
            "value": 0.9805194805194806
        },
        "http_req_tls_handshaking": {
            "med": 0,
            "max": 91.888785,
            "p(90)": 0,
            "p(95)": 0,
            "avg": 3.1169683116883116,
            "min": 0
        },
        "http_req_waiting": {
            "p(90)": 92.9312365,
            "p(95)": 95.06759075,
            "avg": 89.91976160714296,
            "min": 83.781225,
            "med": 89.3044745,
            "max": 170.18116
        },
        "http_req_receiving": {
            "min": 0.012003,
            "med": 0.046758999999999995,
            "max": 88.469028,
            "p(90)": 0.11852960000000001,
            "p(95)": 0.1949093999999996,
            "avg": 0.3712854675324671
        },
        "http_req_connecting": {
            "p(95)": 0,
            "avg": 3.0593227175324675,
            "min": 0,
            "med": 0,
            "max": 88.815588,
            "p(90)": 0
        }
    }
}